id,first_name,last_name,email,gender,ip_address
1,Olenolin,Rennick,orennick0@wordpress.org,Male,138.172.80.48
2,Dodi,Battram,dbattram1@1und1.de,Female,91.100.158.87
3,Calv,Capps,ccapps2@ftc.gov,Male,110.170.213.244
4,Willow,Caldera,wcaldera3@eventbrite.com,Female,215.49.233.26
5,Idette,Grieveson,igrieveson4@wired.com,Female,141.75.128.89
6,Riobard,Dukelow,rdukelow5@geocities.jp,Male,129.133.1.143
7,Bourke,Rosencwaig,brosencwaig6@eventbrite.com,Male,33.0.18.109
8,Haslett,Jeyness,hjeyness7@istockphoto.com,Male,117.102.136.172
9,Harper,Arpur,harpur8@opera.com,Male,174.11.38.87
10,Melessa,Bruggen,mbruggen9@newsvine.com,Female,123.76.79.5
11,Jermayne,Castella,jcastellaa@ifeng.com,Male,195.83.81.226
12,Averyl,Stokell,astokellb@ucsd.edu,Female,226.210.245.236
13,Tedie,Bobasch,tbobaschc@vimeo.com,Male,84.204.219.144
14,Maighdiln,Albertson,malbertsond@telegraph.co.uk,Female,106.63.68.116
15,Tannie,Bruno,tbrunoe@wufoo.com,Male,144.163.107.237
16,Hakeem,Ruecastle,hruecastlef@amazon.co.jp,Male,66.136.94.91
17,Johnny,Elsey,jelseyg@npr.org,Male,231.218.85.161
18,Engracia,Dines,edinesh@bandcamp.com,Female,152.206.99.241
19,Shirley,Robben,srobbeni@hhs.gov,Female,179.120.99.11
20,Aymer,Deal,adealj@bbc.co.uk,Male,52.110.219.104
21,Jessee,Beaument,jbeaumentk@jiathis.com,Male,40.80.102.87
22,Rodrigo,Baldini,rbaldinil@bluehost.com,Male,133.54.230.80
23,Alexia,Banger,abangerm@utexas.edu,Female,71.229.226.68
24,Aurthur,O'Bradden,aobraddenn@patch.com,Male,168.30.244.31
25,Eolande,Renneke,erennekeo@dyndns.org,Female,71.235.228.87
26,Coral,Ussher,cussherp@about.com,Female,131.232.128.114
27,Anya,Gavahan,agavahanq@altervista.org,Female,92.129.206.55
28,Claudetta,Pinchen,cpinchenr@cisco.com,Female,146.2.185.14
29,Cooper,Mungan,cmungans@dmoz.org,Male,12.239.59.15
30,Nicky,Elphinston,nelphinstont@360.cn,Male,248.133.228.217
31,Emmy,Cannam,ecannamu@java.com,Male,250.31.202.185
32,Dannie,Dy,ddyv@ocn.ne.jp,Female,88.105.29.125
33,Donnell,Vennings,dvenningsw@timesonline.co.uk,Male,58.32.250.164
34,Verile,Greenfield,vgreenfieldx@nsw.gov.au,Female,35.95.187.220
35,Peadar,Goodhand,pgoodhandy@wsj.com,Male,169.112.27.252
36,Guglielma,Neiland,gneilandz@t-online.de,Female,1.253.206.145
37,Ilise,Pendre,ipendre10@sun.com,Female,171.114.164.247
38,Humfried,Opdenorth,hopdenorth11@stanford.edu,Male,129.154.45.135
39,Lyn,Riseborough,lriseborough12@nba.com,Female,43.172.180.124
40,Loree,Teager,lteager13@squarespace.com,Female,32.41.99.111
41,Carmelina,Ygou,cygou14@plala.or.jp,Female,68.43.252.122
42,Jocko,Durnall,jdurnall15@addthis.com,Male,35.193.230.66
43,Frances,Munehay,fmunehay16@xrea.com,Female,49.239.189.70
44,Duane,Addy,daddy17@whitehouse.gov,Male,169.148.78.122
45,Zollie,Folks,zfolks18@google.com.br,Male,246.248.165.184
46,Tibold,Hamblen,thamblen19@ow.ly,Male,48.84.111.244
47,Erl,Scudder,escudder1a@forbes.com,Male,175.247.33.197
48,Kerry,Callar,kcallar1b@toplist.cz,Female,4.19.49.43
49,Hedwiga,Dearnly,hdearnly1c@chron.com,Female,13.1.27.70
50,Netty,Gallaway,ngallaway1d@booking.com,Female,79.101.178.10
51,Auroora,Latta,alatta1e@google.es,Female,223.183.188.75
52,Dallis,Hollow,dhollow1f@meetup.com,Male,73.133.59.148
53,Kendell,Gilphillan,kgilphillan1g@w3.org,Male,218.16.208.233
54,Lucienne,Morrill,lmorrill1h@indiatimes.com,Female,71.247.151.7
55,Caresa,Tummons,ctummons1i@amazon.co.jp,Female,185.155.44.119
56,Ansley,Saiger,asaiger1j@paypal.com,Female,222.63.62.177
57,Rodger,Sutherns,rsutherns1k@stumbleupon.com,Male,177.31.6.52
58,Waneta,Satch,wsatch1l@nhs.uk,Female,165.176.58.16
59,Dolf,Balf,dbalf1m@tinyurl.com,Male,219.121.185.41
60,Flint,Eick,feick1n@comsenz.com,Male,71.45.21.210
61,Kaylyn,Pahler,kpahler1o@sfgate.com,Female,254.185.58.113
62,Marcellus,Hankinson,mhankinson1p@domainmarket.com,Male,39.237.161.198
63,Tamarra,McLane,tmclane1q@unc.edu,Female,159.233.198.38
64,Westbrooke,Dackombe,wdackombe1r@msu.edu,Male,184.33.217.124
65,Cindie,Reddihough,creddihough1s@examiner.com,Female,141.225.57.103
66,Port,Mowne,pmowne1t@bravesites.com,Male,151.246.106.71
67,Grenville,McKoy,gmckoy1u@pagesperso-orange.fr,Male,125.243.254.24
68,Abraham,Crowcombe,acrowcombe1v@npr.org,Male,209.104.178.137
69,Sadye,Brooker,sbrooker1w@google.ca,Female,101.17.121.114
70,Vere,Birbeck,vbirbeck1x@oakley.com,Female,200.71.230.189
71,Rhys,Barnsdale,rbarnsdale1y@github.io,Male,242.47.36.224
72,Delilah,Corrison,dcorrison1z@taobao.com,Female,204.209.249.208
73,Leda,Pinchbeck,lpinchbeck20@quantcast.com,Female,98.68.98.23
74,Barny,Divall,bdivall21@issuu.com,Male,1.168.168.149
75,Manolo,Sturge,msturge22@si.edu,Male,68.83.247.252
76,Dag,Yong,dyong23@sina.com.cn,Male,177.95.106.208
77,Gabie,Blincko,gblincko24@patch.com,Female,52.71.77.161
78,Ax,Bodham,abodham25@reuters.com,Male,68.201.118.199
79,Derrek,Auckland,dauckland26@zimbio.com,Male,119.31.236.118
80,Roanne,Doblin,rdoblin27@biblegateway.com,Female,115.123.197.37
81,Bogart,Timoney,btimoney28@twitter.com,Male,163.93.84.134
82,Durant,Hibbart,dhibbart29@live.com,Male,113.209.225.46
83,Mina,Botly,mbotly2a@ameblo.jp,Female,101.100.37.74
84,Talbert,Kilmurry,tkilmurry2b@pcworld.com,Male,1.110.134.51
85,Norean,Longbothom,nlongbothom2c@squarespace.com,Female,85.243.160.21
86,Auberta,Tedridge,atedridge2d@wsj.com,Female,90.232.56.24
87,Jenda,Ollerton,jollerton2e@mozilla.com,Female,241.113.161.242
88,Mahala,Haet,mhaet2f@cdbaby.com,Female,70.28.218.89
89,Curtis,Smickle,csmickle2g@wikispaces.com,Male,137.59.131.62
90,Sharline,Ovendale,sovendale2h@tripod.com,Female,158.192.109.100
91,Ogdon,Drezzer,odrezzer2i@printfriendly.com,Male,158.192.254.189
92,Averil,Scholcroft,ascholcroft2j@youtu.be,Female,46.35.251.86
93,Hogan,Antonio,hantonio2k@redcross.org,Male,185.138.44.20
94,Carce,Gladdolph,cgladdolph2l@bluehost.com,Male,255.177.217.230
95,Vic,Ship,vship2m@reference.com,Male,111.150.55.217
96,Leonhard,Baldack,lbaldack2n@cdc.gov,Male,42.15.3.254
97,Augustin,Bafford,abafford2o@java.com,Male,138.166.104.61
98,Evangelina,Joist,ejoist2p@sina.com.cn,Female,34.107.4.29
99,Clemmie,Fazakerley,cfazakerley2q@boston.com,Male,193.122.236.116
100,Harcourt,Sallery,hsallery2r@un.org,Male,38.110.219.122
101,Morley,Hardie,mhardie2s@phoca.cz,Male,21.169.187.59
102,Alvan,Andreia,aandreia2t@clickbank.net,Male,58.135.241.248
103,Aguistin,Yesenin,ayesenin2u@slideshare.net,Male,158.210.109.162
104,Sullivan,Le feuvre,slefeuvre2v@ycombinator.com,Male,110.124.202.21
105,Gunar,Crathern,gcrathern2w@naver.com,Male,141.98.232.59
106,Koenraad,Wybrew,kwybrew2x@google.nl,Male,133.63.3.193
107,Annora,Pawlicki,apawlicki2y@prlog.org,Female,77.193.183.87
108,Giffy,Quakley,gquakley2z@wufoo.com,Male,158.51.102.242
109,Erik,Vasyutin,evasyutin30@woothemes.com,Male,243.67.61.13
110,Patsy,Ord,pord31@youtu.be,Male,79.5.233.134
111,Denys,Micklewicz,dmicklewicz32@google.co.jp,Male,160.191.87.175
112,Stacee,Latchford,slatchford33@samsung.com,Female,39.127.223.46
113,Rob,Dowgill,rdowgill34@netscape.com,Male,136.131.255.48
114,Gayle,Rubertis,grubertis35@rediff.com,Male,125.124.128.183
115,Estel,Thornbarrow,ethornbarrow36@diigo.com,Female,125.188.131.129
116,Cate,Hucker,chucker37@spotify.com,Female,62.120.72.17
117,Boot,Cardenosa,bcardenosa38@imdb.com,Male,183.82.65.147
118,Frannie,Stobart,fstobart39@comsenz.com,Female,83.138.53.57
119,Marlane,Walkden,mwalkden3a@youtu.be,Female,158.139.210.227
120,Shirline,Draysey,sdraysey3b@gnu.org,Female,200.7.90.224
121,Karlan,Wapples,kwapples3c@1688.com,Male,37.34.205.100
122,Samara,Warton,swarton3d@abc.net.au,Female,58.190.68.209
123,Sallee,Berrie,sberrie3e@ameblo.jp,Female,144.240.50.232
124,Zechariah,Marcum,zmarcum3f@imdb.com,Male,72.158.129.127
125,Amalie,Wipper,awipper3g@cargocollective.com,Female,246.168.191.249
126,Emogene,Lawrie,elawrie3h@reddit.com,Female,170.227.105.234
127,Sandor,Lowater,slowater3i@dmoz.org,Male,185.189.126.10
128,Griffie,Vasyukhichev,gvasyukhichev3j@shop-pro.jp,Male,241.209.77.157
129,Junette,Ivantyev,jivantyev3k@harvard.edu,Female,22.187.211.55
130,Dianne,Destouche,ddestouche3l@latimes.com,Female,28.182.85.220
131,Whitney,Footer,wfooter3m@artisteer.com,Male,11.7.60.220
132,Kial,Agius,kagius3n@yolasite.com,Female,159.92.75.150
133,Wallie,Mowsley,wmowsley3o@jalbum.net,Female,232.114.141.213
134,Albina,Trelease,atrelease3p@github.io,Female,253.166.144.179
135,Stevy,Fetherby,sfetherby3q@jiathis.com,Male,151.132.54.160
136,Riordan,Lochhead,rlochhead3r@squidoo.com,Male,252.59.147.69
137,Meg,Aitkin,maitkin3s@mayoclinic.com,Female,70.194.194.177
138,Saudra,Willis,swillis3t@quantcast.com,Female,96.58.208.110
139,Fitz,Faldo,ffaldo3u@deviantart.com,Male,73.43.79.115
140,Dalenna,Tamburo,dtamburo3v@dion.ne.jp,Female,220.144.242.24
141,Malinda,Jendrassik,mjendrassik3w@about.me,Female,178.97.55.20
142,Mohandas,St Quenin,mstquenin3x@furl.net,Male,70.193.236.27
143,Darb,Philot,dphilot3y@parallels.com,Female,194.244.219.230
144,Odelia,Fuster,ofuster3z@tuttocitta.it,Female,143.219.136.56
145,Silva,Skirven,sskirven40@weebly.com,Female,32.150.152.6
146,Misha,Seilmann,mseilmann41@eventbrite.com,Female,233.34.208.167
147,Hanna,Ell,hell42@harvard.edu,Female,152.91.153.77
148,Felipa,Trousdale,ftrousdale43@forbes.com,Female,15.60.77.25
149,Amanda,Lilywhite,alilywhite44@nps.gov,Female,10.119.99.24
150,Natalee,Bresland,nbresland45@miitbeian.gov.cn,Female,84.147.81.60
151,Evvie,Ebertz,eebertz46@google.cn,Female,178.2.175.79
152,Barnaby,Solomonides,bsolomonides47@google.com,Male,52.105.231.86
153,Bail,Wholesworth,bwholesworth48@squidoo.com,Male,13.24.102.62
154,Alva,Rosenau,arosenau49@geocities.com,Male,23.195.196.101
155,Luis,Tarney,ltarney4a@nih.gov,Male,228.146.97.135
156,Darryl,Harmstone,dharmstone4b@msn.com,Male,123.253.156.166
157,Dianemarie,Oloman,doloman4c@acquirethisname.com,Female,89.102.194.79
158,Alexandre,Delagnes,adelagnes4d@google.co.uk,Male,129.62.178.140
159,Caitlin,Micco,cmicco4e@jugem.jp,Female,190.18.242.109
160,Balduin,Snawdon,bsnawdon4f@theatlantic.com,Male,204.58.231.5
161,Powell,Hedgeley,phedgeley4g@barnesandnoble.com,Male,101.160.126.150
162,Maxim,Cowpertwait,mcowpertwait4h@businessweek.com,Male,120.61.66.29
163,Petra,Jasik,pjasik4i@reuters.com,Female,229.126.242.112
164,Jordon,Maccaig,jmaccaig4j@163.com,Male,5.4.225.185
165,Grenville,Wrought,gwrought4k@ca.gov,Male,137.56.39.230
166,Rois,Kett,rkett4l@state.gov,Female,29.233.70.14
167,Trenna,Lamonby,tlamonby4m@barnesandnoble.com,Female,42.36.128.38
168,Waldemar,Durtnell,wdurtnell4n@nps.gov,Male,83.94.211.215
169,Darrick,Merfin,dmerfin4o@goodreads.com,Male,13.136.72.252
170,Car,Krauss,ckrauss4p@mapy.cz,Male,1.8.10.157
171,Moshe,Gritton,mgritton4q@wikia.com,Male,95.91.124.165
172,Rozelle,Perrington,rperrington4r@example.com,Female,181.195.59.173
173,Veradis,Horrigan,vhorrigan4s@oaic.gov.au,Female,239.99.146.219
174,Robers,Artinstall,rartinstall4t@etsy.com,Male,45.39.240.121
175,Brittany,Maith,bmaith4u@msu.edu,Female,236.117.34.5
176,Garnet,Kimbling,gkimbling4v@yale.edu,Female,237.169.216.178
177,Gregorio,MacKean,gmackean4w@uol.com.br,Male,112.204.75.225
178,Kaiser,Flockhart,kflockhart4x@de.vu,Male,236.73.213.82
179,Cathie,Doul,cdoul4y@zdnet.com,Female,194.97.211.253
180,Valerye,Alvares,valvares4z@washingtonpost.com,Female,181.25.54.13
181,Joye,McDonough,jmcdonough50@ehow.com,Female,126.26.99.73
182,Matthiew,Tatam,mtatam51@huffingtonpost.com,Male,160.191.231.185
183,Hanan,Haggleton,hhaggleton52@sakura.ne.jp,Male,57.135.55.24
184,Kally,Hamsley,khamsley53@ucsd.edu,Female,127.167.232.161
185,Abra,McElrea,amcelrea54@aol.com,Female,43.57.161.41
186,Krysta,Fishbie,kfishbie55@toplist.cz,Female,205.141.242.75
187,Mellisent,Najara,mnajara56@ameblo.jp,Female,49.130.16.224
188,Helene,Underhill,hunderhill57@feedburner.com,Female,40.152.54.226
189,Nataline,Tale,ntale58@foxnews.com,Female,242.248.45.221
190,Renado,Northrop,rnorthrop59@so-net.ne.jp,Male,245.180.231.56
191,Cody,Bentson,cbentson5a@4shared.com,Male,149.200.195.82
192,Lev,Maytom,lmaytom5b@washingtonpost.com,Male,92.145.100.15
193,Louisette,Habershon,lhabershon5c@mozilla.com,Female,28.237.224.221
194,Joellyn,Hartwell,jhartwell5d@eventbrite.com,Female,165.138.69.249
195,Florence,Owain,fowain5e@hud.gov,Female,7.93.199.164
196,Olive,Lyford,olyford5f@wired.com,Female,35.87.191.146
197,Dominick,Muschette,dmuschette5g@msu.edu,Male,250.247.223.78
198,Mariya,Kreber,mkreber5h@mlb.com,Female,93.1.231.144
199,Saundra,Planque,splanque5i@uiuc.edu,Male,85.160.219.172
200,Jarrad,Mettetal,jmettetal5j@hp.com,Male,128.70.220.168
201,Randie,Kilbride,rkilbride5k@mit.edu,Female,242.46.76.97
202,Brod,McCombe,bmccombe5l@123-reg.co.uk,Male,36.87.155.36
203,Briant,Klimentov,bklimentov5m@fda.gov,Male,44.56.85.82
204,Miof mela,Wrassell,mwrassell5n@timesonline.co.uk,Female,44.149.48.18
205,Ugo,Pidler,upidler5o@bravesites.com,Male,169.67.90.33
206,Rafaelia,Forster,rforster5p@is.gd,Female,95.81.64.23
207,Griz,Hekkert,ghekkert5q@github.io,Male,252.250.32.14
208,Antonin,Spoors,aspoors5r@pagesperso-orange.fr,Male,238.139.124.102
209,Sofia,Kellogg,skellogg5s@multiply.com,Female,15.34.153.166
210,Shem,Debrett,sdebrett5t@sogou.com,Male,28.85.141.128
211,Roseanna,Coulsen,rcoulsen5u@tripadvisor.com,Female,203.56.215.31
212,Ive,Gallienne,igallienne5v@feedburner.com,Male,61.224.74.221
213,Kylie,Ettles,kettles5w@cpanel.net,Male,225.97.143.53
214,Elke,Headly,eheadly5x@devhub.com,Female,134.246.197.226
215,Zak,Keelan,zkeelan5y@live.com,Male,177.148.87.111
216,Malia,Yegorev,myegorev5z@is.gd,Female,141.186.184.128
217,Cinderella,Horsburgh,chorsburgh60@deviantart.com,Female,36.193.53.144
218,Wendell,Brabbins,wbrabbins61@jiathis.com,Male,229.0.137.115
219,Margaretta,Mc Queen,mmcqueen62@zdnet.com,Female,113.128.2.34
220,Antonetta,Kornel,akornel63@dedecms.com,Female,88.58.242.249
221,Gamaliel,Ianilli,gianilli64@weebly.com,Male,231.191.173.17
222,Ripley,Glew,rglew65@netscape.com,Male,35.35.187.181
223,Ariana,Ciccerale,aciccerale66@weebly.com,Female,178.192.73.153
224,Teresa,Labden,tlabden67@dell.com,Female,9.183.156.213
225,Timmie,Tremoille,ttremoille68@taobao.com,Female,149.227.153.175
226,Keelia,Proudman,kproudman69@accuweather.com,Female,25.51.70.58
227,Constancy,Keysel,ckeysel6a@sitemeter.com,Female,27.23.220.156
228,Janifer,MacAless,jmacaless6b@apache.org,Female,26.216.39.23
229,Julita,Stuckley,jstuckley6c@globo.com,Female,138.217.206.39
230,Leona,Pagnin,lpagnin6d@163.com,Female,59.47.78.147
231,Cecilia,Da Costa,cdacosta6e@noaa.gov,Female,139.20.178.111
232,Alidia,Jakeman,ajakeman6f@china.com.cn,Female,189.153.207.207
233,Vidovik,Collicott,vcollicott6g@ocn.ne.jp,Male,166.173.37.188
234,Sebastian,Chugg,schugg6h@miibeian.gov.cn,Male,112.132.136.53
235,Carlie,Chilton,cchilton6i@instagram.com,Male,239.232.41.95
236,Torre,Tickle,ttickle6j@examiner.com,Male,214.69.20.175
237,Ashely,Marty,amarty6k@mac.com,Female,155.93.108.25
238,Jessa,Matthiesen,jmatthiesen6l@soundcloud.com,Female,85.54.123.157
239,Emmey,Haton,ehaton6m@mozilla.com,Female,180.93.164.87
240,Carrissa,Dadge,cdadge6n@statcounter.com,Female,89.64.127.89
241,Thorn,Stewart,tstewart6o@gnu.org,Male,164.142.198.214
242,Charmian,Labro,clabro6p@t-online.de,Female,235.178.205.166
243,Ali,Eatttok,aeatttok6q@bbc.co.uk,Female,113.80.92.60
244,Anallise,Wix,awix6r@smugmug.com,Female,246.111.214.244
245,Chris,Kynastone,ckynastone6s@loc.gov,Female,131.244.141.208
246,Jami,MacAlaster,jmacalaster6t@artisteer.com,Female,13.166.100.245
247,Cyndie,Dalgety,cdalgety6u@artisteer.com,Female,132.255.244.228
248,Timothee,Leathwood,tleathwood6v@arizona.edu,Male,186.42.236.145
249,Kaylyn,Lohan,klohan6w@photobucket.com,Female,21.249.204.253
250,Fulton,Warrington,fwarrington6x@taobao.com,Male,72.30.103.122
251,Elmira,Gavahan,egavahan6y@smh.com.au,Female,255.44.186.191
252,Tedra,Tixier,ttixier6z@angelfire.com,Female,229.114.206.117
253,Germain,Pearcy,gpearcy70@cyberchimps.com,Female,229.10.201.218
254,Devonna,Edmeads,dedmeads71@squidoo.com,Female,194.39.126.142
255,Eddi,Quillinane,equillinane72@mozilla.org,Female,133.142.169.218
256,Sandra,Jovicevic,sjovicevic73@bandcamp.com,Female,141.97.98.13
257,Rudolph,Haggart,rhaggart74@jigsy.com,Male,36.84.18.45
258,Chickie,Kuhlen,ckuhlen75@google.de,Female,103.15.100.52
259,Wald,Bendtsen,wbendtsen76@dagondesign.com,Male,254.165.150.19
260,Charissa,Halfacree,chalfacree77@latimes.com,Female,27.87.53.53
261,Goldi,Leppingwell,gleppingwell78@biglobe.ne.jp,Female,86.149.67.130
262,Carmelita,Weavers,cweavers79@quantcast.com,Female,8.89.52.90
263,Stormi,Rabjohn,srabjohn7a@ebay.co.uk,Female,22.48.73.136
264,Mariquilla,Stansall,mstansall7b@dot.gov,Female,54.70.152.182
265,Cornelle,Gadson,cgadson7c@cnet.com,Female,144.42.60.248
266,Redd,Juliano,rjuliano7d@usda.gov,Male,81.252.8.84
267,Eddy,Ziem,eziem7e@engadget.com,Female,20.227.100.3
268,Normie,Gierek,ngierek7f@creativecommons.org,Male,197.68.151.155
269,Claybourne,Nucator,cnucator7g@devhub.com,Male,56.3.252.30
270,Ulrika,McGivena,umcgivena7h@vk.com,Female,5.40.149.150
271,Care,Sibly,csibly7i@nytimes.com,Male,120.56.113.173
272,Sharai,Inkle,sinkle7j@economist.com,Female,104.122.68.54
273,Ryon,Tarbox,rtarbox7k@usda.gov,Male,240.74.5.121
274,Guglielmo,Arrigucci,garrigucci7l@printfriendly.com,Male,26.51.36.253
275,Louella,Waddams,lwaddams7m@walmart.com,Female,195.142.194.137
276,Adolphus,Livett,alivett7n@slashdot.org,Male,124.104.4.101
277,Vernen,Baddow,vbaddow7o@netlog.com,Male,50.63.74.221
278,Forrester,Matej,fmatej7p@etsy.com,Male,57.187.185.43
279,Melony,Verbeek,mverbeek7q@jalbum.net,Female,20.174.71.83
280,Shae,Parkin,sparkin7r@sciencedirect.com,Male,59.139.222.236
281,Holmes,Samuels,hsamuels7s@ebay.com,Male,7.73.192.162
282,Dennet,Cowles,dcowles7t@craigslist.org,Male,194.45.245.100
283,Rossy,Wytchard,rwytchard7u@ask.com,Male,198.86.254.208
284,Wolfie,Trow,wtrow7v@illinois.edu,Male,184.71.105.205
285,Todd,Johnke,tjohnke7w@creativecommons.org,Male,207.124.32.78
286,Tonya,Boarleyson,tboarleyson7x@google.it,Female,209.77.220.16
287,Laureen,Carruth,lcarruth7y@wunderground.com,Female,33.57.176.113
288,Vasily,Reddihough,vreddihough7z@blogtalkradio.com,Male,29.44.92.104
289,Rubie,Thynn,rthynn80@bing.com,Female,72.179.118.116
290,Sylvia,Robottham,srobottham81@a8.net,Female,88.251.92.179
291,Prue,Cochran,pcochran82@statcounter.com,Female,90.193.66.197
292,Elysee,Couvert,ecouvert83@go.com,Female,39.125.77.233
293,Cyndy,Liddon,cliddon84@tinyurl.com,Female,24.190.44.104
294,Marsha,Atmore,matmore85@bing.com,Female,73.205.75.6
295,Fowler,Padden,fpadden86@alexa.com,Male,45.21.168.66
296,Tina,Cofax,tcofax87@wikimedia.org,Female,175.10.162.170
297,Alleen,Dawidowsky,adawidowsky88@aboutads.info,Female,70.66.110.0
298,Gayle,Bampford,gbampford89@tuttocitta.it,Female,7.242.36.128
299,Ambrosio,Bruckenthal,abruckenthal8a@salon.com,Male,56.0.152.118
300,Cart,Dalligan,cdalligan8b@opera.com,Male,199.166.99.80
301,Eleanore,Norker,enorker8c@bandcamp.com,Female,235.121.8.254
302,Fonzie,Fedorchenko,ffedorchenko8d@slate.com,Male,233.67.0.82
303,Flossie,Cliburn,fcliburn8e@ezinearticles.com,Female,128.4.78.160
304,Kirbee,Skakunas,kskakunas8f@prlog.org,Female,99.196.110.79
305,Maurice,Wickson,mwickson8g@yale.edu,Male,40.48.63.76
306,Hunfredo,Cottis,hcottis8h@ca.gov,Male,3.87.168.211
307,Christie,Lescop,clescop8i@feedburner.com,Male,241.128.96.150
308,Moises,Blodgett,mblodgett8j@spiegel.de,Male,154.45.243.4
309,Darwin,Baldacco,dbaldacco8k@cornell.edu,Male,203.202.224.55
310,Mildrid,Farrey,mfarrey8l@friendfeed.com,Female,40.250.3.31
311,Umberto,Dionisii,udionisii8m@csmonitor.com,Male,88.176.210.146
312,Jackson,Conechie,jconechie8n@nature.com,Male,209.222.159.82
313,Emmalee,Fawks,efawks8o@google.com.hk,Female,208.81.16.202
314,Brig,Gay,bgay8p@multiply.com,Male,151.124.211.215
315,Lemuel,Dunphie,ldunphie8q@intel.com,Male,137.128.96.170
316,Olav,Riding,oriding8r@naver.com,Male,190.244.147.94
317,Angela,Lockhurst,alockhurst8s@ted.com,Female,219.41.3.174
318,Keri,Klaaasen,kklaaasen8t@yellowbook.com,Female,253.45.230.155
319,Fransisco,Burns,fburns8u@vk.com,Male,248.67.56.194
320,Felita,Mellers,fmellers8v@cdc.gov,Female,139.138.249.120
321,Cesare,Orpin,corpin8w@usatoday.com,Male,123.47.50.16
322,Casandra,Cully,ccully8x@fda.gov,Female,222.147.240.201
323,Rabi,Kenward,rkenward8y@multiply.com,Male,205.39.213.212
324,Ibbie,Manclark,imanclark8z@mozilla.com,Female,182.7.240.93
325,Henri,Marriner,hmarriner90@miitbeian.gov.cn,Male,102.134.96.18
326,Rosaline,Maffin,rmaffin91@is.gd,Female,31.207.138.217
327,Elbertina,Draco,edraco92@mlb.com,Female,73.178.106.109
328,Sax,Muddiman,smuddiman93@soundcloud.com,Male,83.115.213.240
329,Bonnee,Oxbrough,boxbrough94@mapquest.com,Female,238.178.33.231
330,Suzi,Petrello,spetrello95@istockphoto.com,Female,145.14.17.202
331,Gwendolen,de Mendoza,gdemendoza96@cnet.com,Female,14.100.38.130
332,Fred,Luxen,fluxen97@acquirethisname.com,Male,214.61.219.162
333,Cindee,Whitmore,cwhitmore98@biblegateway.com,Female,75.70.161.160
334,Niki,Seston,nseston99@intel.com,Female,24.40.191.103
335,Whitaker,Rosso,wrosso9a@paginegialle.it,Male,108.225.240.226
336,Lissie,Plampeyn,lplampeyn9b@wired.com,Female,4.191.115.218
337,Rowen,Campana,rcampana9c@irs.gov,Male,158.155.166.5
338,Francesco,Brine,fbrine9d@sina.com.cn,Male,87.172.81.34
339,Reube,Gobel,rgobel9e@i2i.jp,Male,139.149.96.139
340,Gilbertina,Vargas,gvargas9f@youku.com,Female,88.92.244.71
341,Mureil,Burley,mburley9g@addthis.com,Female,251.142.110.8
342,Gertrudis,Ventam,gventam9h@businessweek.com,Female,94.113.171.151
343,Itch,McClymond,imcclymond9i@cdbaby.com,Male,205.119.176.177
344,Wynn,McDaid,wmcdaid9j@fc2.com,Male,14.186.0.234
345,Ab,Pappin,apappin9k@facebook.com,Male,40.127.241.209
346,Jodee,Quilty,jquilty9l@shinystat.com,Female,179.31.214.221
347,Diena,Beckinsale,dbeckinsale9m@sogou.com,Female,84.126.169.84
348,Vania,Armand,varmand9n@google.es,Female,245.39.133.158
349,Marsh,Hovert,mhovert9o@blog.com,Male,233.85.137.232
350,Auguste,Hugo,ahugo9p@jugem.jp,Female,161.7.243.248
351,Standford,Kennington,skennington9q@telegraph.co.uk,Male,249.17.211.229
352,Normie,McGinnell,nmcginnell9r@cafepress.com,Male,172.82.126.236
353,Merle,Rambaut,mrambaut9s@artisteer.com,Male,161.138.36.63
354,Lorrin,Dahlen,ldahlen9t@icq.com,Female,223.225.237.157
355,Daphne,Sara,dsara9u@naver.com,Female,122.27.36.246
356,Fonz,Bennie,fbennie9v@discovery.com,Male,186.30.151.98
357,Francis,Osbaldstone,fosbaldstone9w@usda.gov,Male,195.243.52.7
358,Amie,Bumpas,abumpas9x@webs.com,Female,239.36.168.128
359,Rubie,Yeaman,ryeaman9y@github.com,Female,49.198.209.194
360,Louise,Gabe,lgabe9z@ycombinator.com,Female,218.0.21.8
361,Berte,Sedman,bsedmana0@t.co,Female,152.19.52.127
362,Ania,Manketell,amanketella1@360.cn,Female,135.5.248.142
363,Henrieta,Doogan,hdoogana2@360.cn,Female,98.248.93.150
364,Cash,Gervaise,cgervaisea3@time.com,Male,253.101.155.12
365,Monte,Gumbley,mgumbleya4@gravatar.com,Male,210.208.165.19
366,Robbyn,Gauche,rgauchea5@kickstarter.com,Female,18.85.251.152
367,Nadiya,Harlow,nharlowa6@php.net,Female,149.240.58.222
368,Reinhard,Castelain,rcastelaina7@pcworld.com,Male,209.101.78.178
369,Stirling,Domokos,sdomokosa8@ezinearticles.com,Male,100.212.11.139
370,Floria,Arnli,farnlia9@arstechnica.com,Female,77.78.233.204
371,Merrie,Curzon,mcurzonaa@phpbb.com,Female,195.109.43.60
372,Elfrida,Burberow,eburberowab@nyu.edu,Female,21.237.237.107
373,Philippe,Burr,pburrac@forbes.com,Female,132.119.138.210
374,Donnie,Gludor,dgludorad@photobucket.com,Male,85.84.140.4
375,Lilah,Gilgryst,lgilgrystae@narod.ru,Female,126.146.40.119
376,Leena,Hundey,lhundeyaf@bigcartel.com,Female,215.62.134.43
377,Enos,Craigg,ecraiggag@slate.com,Male,212.97.61.174
378,Selinda,Howells,showellsah@mayoclinic.com,Female,222.114.79.190
379,Eric,Killough,ekilloughai@alibaba.com,Male,156.127.55.171
380,Fletch,Juniper,fjuniperaj@jigsy.com,Male,43.130.133.221
381,Terri,Ferrea,tferreaak@i2i.jp,Female,181.173.28.112
382,Avram,Danford,adanfordal@meetup.com,Male,244.159.213.7
383,Mose,Carnock,mcarnockam@paginegialle.it,Male,137.100.62.198
384,Rubia,Verman,rvermanan@scribd.com,Female,75.186.199.233
385,Salem,Gogerty,sgogertyao@weather.com,Male,79.105.138.117
386,Stacia,Girke,sgirkeap@dmoz.org,Female,187.51.197.211
387,Aleece,Stoggell,astoggellaq@salon.com,Female,201.59.185.50
388,Marci,Dennant,mdennantar@yelp.com,Female,233.15.166.75
389,Syman,Eacle,seacleas@seattletimes.com,Male,244.168.11.49
390,Ki,Johns,kjohnsat@de.vu,Female,128.240.55.222
391,Van,Dobbyn,vdobbynau@wired.com,Female,95.46.8.186
392,Savina,Wickendon,swickendonav@princeton.edu,Female,175.245.138.25
393,Gabi,Gainor,ggainoraw@exblog.jp,Male,233.123.47.78
394,Frasquito,Corryer,fcorryerax@ihg.com,Male,33.125.122.14
395,Paulo,Rolse,prolseay@ovh.net,Male,81.65.3.49
396,Sydelle,Sante,ssanteaz@tripadvisor.com,Female,30.222.106.87
397,Josepha,Edgerly,jedgerlyb0@google.de,Female,247.129.167.5
398,Dom,Mariel,dmarielb1@tmall.com,Male,13.142.97.2
399,Annora,Eyes,aeyesb2@cornell.edu,Female,59.86.22.0
400,Corrinne,Essery,cesseryb3@sciencedaily.com,Female,145.197.122.156
401,Jenda,Stanford,jstanfordb4@pinterest.com,Female,203.107.67.81
402,Ardyth,Matusiak,amatusiakb5@mlb.com,Female,146.28.129.25
403,Janka,Blondin,jblondinb6@bigcartel.com,Female,129.15.249.21
404,Stewart,Creagh,screaghb7@ehow.com,Male,249.88.91.80
405,Sonny,Jendrys,sjendrysb8@bbc.co.uk,Male,173.101.81.95
406,Tiffanie,Thrush,tthrushb9@hhs.gov,Female,239.252.182.211
407,Carroll,Jasper,cjasperba@census.gov,Male,165.149.54.11
408,Jan,O'Lochan,jolochanbb@artisteer.com,Male,233.219.177.239
409,Gilburt,Yorke,gyorkebc@constantcontact.com,Male,228.12.140.123
410,Hetti,Bleas,hbleasbd@opensource.org,Female,209.57.200.142
411,Dinah,Trevena,dtrevenabe@cloudflare.com,Female,143.93.83.146
412,Barny,Gowrie,bgowriebf@elegantthemes.com,Male,5.168.235.228
413,Tessi,Beebee,tbeebeebg@independent.co.uk,Female,11.199.128.48
414,Orel,Liff,oliffbh@cbslocal.com,Female,21.162.240.151
415,Martguerita,Rootes,mrootesbi@prnewswire.com,Female,252.102.101.27
416,Gussy,Castagneto,gcastagnetobj@japanpost.jp,Female,196.163.107.164
417,Serena,Chard,schardbk@thetimes.co.uk,Female,2.132.70.109
418,Clem,Lillegard,clillegardbl@constantcontact.com,Male,46.12.187.144
419,Archaimbaud,Reddell,areddellbm@nbcnews.com,Male,116.105.192.89
420,Gerti,Chatters,gchattersbn@cargocollective.com,Female,25.6.227.30
421,Conny,Perks,cperksbo@netlog.com,Female,55.9.125.25
422,Nissy,Whipp,nwhippbp@phoca.cz,Female,130.176.65.236
423,Chaunce,Josupeit,cjosupeitbq@ow.ly,Male,178.119.232.201
424,Lorilee,Ridolfi,lridolfibr@people.com.cn,Female,54.35.88.70
425,Fleur,Maw,fmawbs@redcross.org,Female,169.121.53.191
426,Con,Forton,cfortonbt@plala.or.jp,Female,111.101.199.143
427,Thoma,Cawcutt,tcawcuttbu@aol.com,Male,63.208.28.133
428,Ronda,Badini,rbadinibv@discovery.com,Female,125.28.98.193
429,Yancy,Kolak,ykolakbw@imgur.com,Male,23.230.50.172
430,Mommy,MacCome,mmaccomebx@vistaprint.com,Female,172.78.195.230
431,Carlina,Muckley,cmuckleyby@pcworld.com,Female,132.85.66.135
432,Tybalt,Want,twantbz@cpanel.net,Male,253.59.113.83
433,Nate,Jerram,njerramc0@archive.org,Male,105.44.123.170
434,Alika,Bowring,abowringc1@free.fr,Female,167.35.248.5
435,Claudie,Jime,cjimec2@wsj.com,Female,235.193.139.105
436,Hobey,Ketch,hketchc3@upenn.edu,Male,106.208.76.219
437,Penrod,Peniello,ppenielloc4@dedecms.com,Male,235.116.0.164
438,Coreen,Wederell,cwederellc5@ow.ly,Female,197.39.26.172
439,Edmon,Creek,ecreekc6@moonfruit.com,Male,143.33.26.232
440,Stanford,MacDavitt,smacdavittc7@phoca.cz,Male,143.59.125.43
441,Ferris,Phorsby,fphorsbyc8@simplemachines.org,Male,187.49.207.161
442,Terri-jo,Kloser,tkloserc9@telegraph.co.uk,Female,10.55.103.19
443,Early,O'Criane,eocrianeca@wiley.com,Male,250.29.156.230
444,Pearla,Tregidga,ptregidgacb@google.com.au,Female,235.0.241.229
445,Grayce,Chapelhow,gchapelhowcc@ustream.tv,Female,247.89.198.249
446,Kristy,Gilliatt,kgilliattcd@sitemeter.com,Female,88.186.5.213
447,Teresa,Miners,tminersce@dion.ne.jp,Female,236.146.252.12
448,Jesse,Whanstall,jwhanstallcf@mlb.com,Female,155.179.253.42
449,Felisha,Satterly,fsatterlycg@china.com.cn,Female,139.155.241.63
450,Daffy,Norgan,dnorganch@aboutads.info,Female,253.62.155.137
451,Guenna,Croser,gcroserci@tuttocitta.it,Female,135.162.91.172
452,Ralf,Antoni,rantonicj@dagondesign.com,Male,155.249.204.240
453,Roger,Ruffey,rruffeyck@patch.com,Male,149.64.25.156
454,Ambros,Henlon,ahenloncl@usgs.gov,Male,154.78.177.148
455,Kandy,McGuinley,kmcguinleycm@answers.com,Female,228.24.79.121
456,Haywood,Asquith,hasquithcn@chron.com,Male,170.245.211.96
457,Toni,Hambleton,thambletonco@icio.us,Female,147.45.200.82
458,Clark,Kwiek,ckwiekcp@cam.ac.uk,Male,255.189.247.150
459,Shandee,Largen,slargencq@imdb.com,Female,123.11.214.205
460,Verena,Curry,vcurrycr@ft.com,Female,232.34.135.18
461,Dell,McGlashan,dmcglashancs@delicious.com,Male,167.108.3.173
462,Godiva,Dank,gdankct@vk.com,Female,122.97.29.68
463,Wilhelmina,Battle,wbattlecu@instagram.com,Female,247.188.143.46
464,Carolann,Osboldstone,cosboldstonecv@skype.com,Female,233.47.176.146
465,Mortimer,Gorsse,mgorssecw@paginegialle.it,Male,59.222.74.3
466,Bernadette,Rendall,brendallcx@spiegel.de,Female,162.33.211.79
467,Abbie,Gainsbury,againsburycy@irs.gov,Female,104.204.172.33
468,Hobie,McGettrick,hmcgettrickcz@rediff.com,Male,238.2.225.119
469,Saw,Paute,spauted0@altervista.org,Male,37.38.157.3
470,Kenn,Haining,khainingd1@kickstarter.com,Male,25.213.180.81
471,Tiffany,Amberson,tambersond2@slashdot.org,Female,172.249.63.50
472,Creigh,Broschke,cbroschked3@t.co,Male,30.183.255.214
473,Stan,Bontoft,sbontoftd4@sohu.com,Male,108.246.87.40
474,Murial,Windus,mwindusd5@mlb.com,Female,5.54.219.83
475,Willetta,Swyndley,wswyndleyd6@seattletimes.com,Female,210.255.168.128
476,Ray,Geck,rgeckd7@aboutads.info,Female,109.30.240.246
477,Joaquin,Gannicott,jgannicottd8@odnoklassniki.ru,Male,98.32.7.62
478,Dulcia,Crosthwaite,dcrosthwaited9@mail.ru,Female,151.253.224.93
479,Jaymee,Pavett,jpavettda@hostgator.com,Female,97.174.207.94
480,Jillana,Mycroft,jmycroftdb@mashable.com,Female,240.211.254.35
481,Amory,Pigot,apigotdc@narod.ru,Male,41.27.110.164
482,Candida,Yanne,cyannedd@vk.com,Female,242.145.22.122
483,Jacynth,Tubb,jtubbde@answers.com,Female,53.106.242.79
484,Madlen,Girodias,mgirodiasdf@elegantthemes.com,Female,108.184.42.218
485,Hermione,Gomez,hgomezdg@accuweather.com,Female,3.206.115.30
486,Mathilda,De'Vere - Hunt,mdeverehuntdh@php.net,Female,233.238.91.180
487,Vernon,Simony,vsimonydi@google.it,Male,159.120.34.222
488,Darb,Boocock,dboocockdj@liveinternet.ru,Male,236.169.189.43
489,Harlie,Andrag,handragdk@sogou.com,Female,6.147.43.25
490,Gardie,Stoyle,gstoyledl@java.com,Male,84.167.245.3
491,Orlan,Tuplin,otuplindm@themeforest.net,Male,17.248.148.170
492,Vanni,Horsefield,vhorsefielddn@va.gov,Female,178.100.209.176
493,Trevor,Dowber,tdowberdo@typepad.com,Male,191.135.35.245
494,Keene,Comolli,kcomollidp@archive.org,Male,63.93.237.237
495,Dasya,Zanettini,dzanettinidq@statcounter.com,Female,105.193.222.12
496,Randee,Popworth,rpopworthdr@friendfeed.com,Female,69.29.194.149
497,Rich,Loder,rloderds@reuters.com,Male,240.34.169.93
498,Justin,Skupinski,jskupinskidt@studiopress.com,Male,161.254.67.222
499,Brana,Chadwyck,bchadwyckdu@w3.org,Female,184.32.151.135
500,Freemon,Cromb,fcrombdv@bigcartel.com,Male,143.10.217.188
501,Chick,Wardall,cwardalldw@archive.org,Male,11.144.158.24
502,Charley,Beardsell,cbeardselldx@jigsy.com,Male,176.144.129.144
503,Berkie,Lampkin,blampkindy@cornell.edu,Male,188.214.5.215
504,Roxanne,Howchin,rhowchindz@yellowbook.com,Female,212.57.217.232
505,Rosalyn,Manchett,rmanchette0@phpbb.com,Female,139.19.51.142
506,Molli,Echalie,mechaliee1@lulu.com,Female,79.1.237.188
507,Vallie,Vedeneev,vvedeneeve2@xrea.com,Female,212.42.115.31
508,Tobin,Mycroft,tmycrofte3@blogs.com,Male,151.140.126.148
509,Nike,Rubi,nrubie4@kickstarter.com,Female,211.50.220.116
510,Annis,Cooney,acooneye5@vk.com,Female,253.15.254.183
511,Ericka,Trayhorn,etrayhorne6@engadget.com,Female,89.158.62.138
512,Roarke,Kaspar,rkaspare7@chicagotribune.com,Male,6.25.99.79
513,Angil,Insole,ainsolee8@cafepress.com,Female,138.227.33.172
514,Jonas,Bohan,jbohane9@dot.gov,Male,30.54.116.5
515,Maxy,Niesing,mniesingea@fastcompany.com,Female,248.79.200.37
516,Collette,Dibble,cdibbleeb@bloomberg.com,Female,133.194.85.205
517,Marylee,Hinkens,mhinkensec@tiny.cc,Female,60.158.246.4
518,Jaymie,De Freitas,jdefreitased@fc2.com,Male,214.72.66.72
519,Roman,Bischop,rbischopee@digg.com,Male,41.98.16.229
520,Perren,Gilbert,pgilbertef@unicef.org,Male,172.163.206.226
521,Kory,Briscow,kbriscoweg@gravatar.com,Male,32.162.210.126
522,Al,Jamblin,ajamblineh@sitemeter.com,Male,137.178.226.121
523,Kynthia,Satch,ksatchei@examiner.com,Female,134.100.40.83
524,Drusy,Steutly,dsteutlyej@statcounter.com,Female,31.93.103.247
525,Ekaterina,Zack,ezackek@twitpic.com,Female,67.168.155.65
526,Glynda,Bennie,gbennieel@washington.edu,Female,27.85.109.243
527,Conni,Golde,cgoldeem@google.fr,Female,197.5.98.15
528,Jsandye,Darnborough,jdarnboroughen@bravesites.com,Female,13.156.243.85
529,Cheri,Capstick,ccapstickeo@sbwire.com,Female,47.190.44.214
530,Charlean,Rocco,croccoep@nymag.com,Female,102.6.116.187
531,Sally,Dassindale,sdassindaleeq@shutterfly.com,Female,207.236.101.134
532,Hasty,Blockey,hblockeyer@wikipedia.org,Male,41.221.167.22
533,Ira,Luchelli,iluchellies@wordpress.com,Male,177.163.133.222
534,Dela,Soeiro,dsoeiroet@1688.com,Female,86.61.132.44
535,Rudd,Doohan,rdoohaneu@icio.us,Male,166.47.38.34
536,Ramon,Strathman,rstrathmanev@usatoday.com,Male,176.152.187.246
537,Haley,Stallybrass,hstallybrassew@boston.com,Male,134.89.223.4
538,Kat,Bryson,kbrysonex@weibo.com,Female,104.170.241.84
539,Ingrim,Kruschev,ikruschevey@wikispaces.com,Male,186.217.170.4
540,Ware,Jaze,wjazeez@facebook.com,Male,38.82.227.57
541,Gennie,Capelen,gcapelenf0@nyu.edu,Female,139.228.244.160
542,Abram,Palser,apalserf1@posterous.com,Male,169.132.84.108
543,Zea,Folonin,zfoloninf2@php.net,Female,7.41.21.205
544,Fay,Archell,farchellf3@themeforest.net,Female,85.252.228.175
545,Cathe,Mattiacci,cmattiaccif4@imgur.com,Female,208.238.250.209
546,Sada,Arndell,sarndellf5@reuters.com,Female,204.68.153.228
547,Osbert,Cogin,ocoginf6@msn.com,Male,82.22.205.211
548,Annissa,Lauthian,alauthianf7@youku.com,Female,112.120.105.113
549,Leoline,Sotworth,lsotworthf8@mashable.com,Female,108.205.201.111
550,Boris,Deesly,bdeeslyf9@paginegialle.it,Male,131.234.153.119
551,Glendon,Varvara,gvarvarafa@google.pl,Male,1.86.58.208
552,Alden,Regglar,aregglarfb@hp.com,Male,36.160.21.167
553,Noella,Trinkwon,ntrinkwonfc@vkontakte.ru,Female,96.191.175.132
554,Kaye,Cardoo,kcardoofd@ibm.com,Female,18.86.139.206
555,Sergio,Cursey,scurseyfe@chron.com,Male,94.186.37.98
556,Dov,Jarret,djarretff@ustream.tv,Male,184.172.203.78
557,Tremayne,Casine,tcasinefg@skype.com,Male,53.211.144.156
558,Selig,Linnard,slinnardfh@yelp.com,Male,29.237.230.253
559,Donavon,Tollmache,dtollmachefi@ning.com,Male,233.237.173.48
560,Hieronymus,Crutch,hcrutchfj@si.edu,Male,14.88.116.97
561,Clio,Brisseau,cbrisseaufk@archive.org,Female,59.38.147.32
562,Liuka,Physic,lphysicfl@dmoz.org,Female,5.173.168.79
563,Randa,Rought,rroughtfm@narod.ru,Female,170.237.209.128
564,Wilow,Compfort,wcompfortfn@networksolutions.com,Female,131.193.133.159
565,Barbi,Liccardo,bliccardofo@wikipedia.org,Female,173.125.130.83
566,Meade,Davitti,mdavittifp@mapquest.com,Male,65.146.5.134
567,Rollie,Punyer,rpunyerfq@pbs.org,Male,113.62.12.169
568,Danna,Hobbert,dhobbertfr@harvard.edu,Female,148.228.94.190
569,Susannah,Orchart,sorchartfs@google.com,Female,244.21.198.212
570,Curcio,Lohden,clohdenft@edublogs.org,Male,92.165.244.10
571,Sallee,Behnecke,sbehneckefu@xinhuanet.com,Female,24.241.89.61
572,Catie,Iozefovich,ciozefovichfv@indiatimes.com,Female,179.162.230.87
573,Mattheus,Hearst,mhearstfw@diigo.com,Male,107.70.101.136
574,Had,Ouldcott,houldcottfx@intel.com,Male,19.173.9.177
575,Elden,Verlinden,everlindenfy@squarespace.com,Male,0.82.173.198
576,Delcine,Scoyles,dscoylesfz@microsoft.com,Female,84.60.98.41
577,Tracee,Ganning,tganningg0@huffingtonpost.com,Female,39.104.41.86
578,Helena,Ledson,hledsong1@usatoday.com,Female,146.138.160.78
579,Peyton,Amoss,pamossg2@ebay.co.uk,Male,125.30.229.238
580,Winfred,Wherrett,wwherrettg3@huffingtonpost.com,Male,187.25.159.133
581,Munmro,Seyfart,mseyfartg4@vinaora.com,Male,150.9.109.66
582,Jessamyn,Batho,jbathog5@deviantart.com,Female,199.200.196.128
583,Orton,Spreckley,ospreckleyg6@comsenz.com,Male,106.128.35.39
584,Jennifer,Lewinton,jlewintong7@bbc.co.uk,Female,196.165.50.41
585,Tabby,Blonden,tblondeng8@princeton.edu,Female,250.114.252.68
586,Martita,Armour,marmourg9@discovery.com,Female,209.216.26.67
587,D'arcy,Fruchon,dfruchonga@discovery.com,Male,126.66.139.75
588,Cassandra,Fairpo,cfairpogb@illinois.edu,Female,21.19.109.73
589,Laird,Vanyard,lvanyardgc@wix.com,Male,245.90.86.93
590,Robbie,Tyler,rtylergd@photobucket.com,Male,137.213.138.160
591,Conan,Pugh,cpughge@edublogs.org,Male,105.124.167.13
592,Nike,Twentyman,ntwentymangf@qq.com,Female,68.214.85.113
593,Basia,Lodwig,blodwiggg@blinklist.com,Female,83.97.9.130
594,Trixie,Glentworth,tglentworthgh@vimeo.com,Female,36.133.182.135
595,Klaus,Kerslake,kkerslakegi@dedecms.com,Male,100.80.24.204
596,Ethyl,Reaman,ereamangj@addthis.com,Female,8.218.37.159
597,Wendie,Feaks,wfeaksgk@mapquest.com,Female,173.163.230.138
598,Kordula,Folca,kfolcagl@sogou.com,Female,16.127.154.59
599,Tirrell,Seabon,tseabongm@spotify.com,Male,152.122.227.116
600,Hernando,McGiffie,hmcgiffiegn@soup.io,Male,78.95.4.78
601,Guilbert,Hazlegrove,ghazlegrovego@rakuten.co.jp,Male,167.187.233.224
602,Adelle,Signore,asignoregp@cbc.ca,Female,113.219.153.229
603,Allie,Capron,acaprongq@japanpost.jp,Female,208.70.1.15
604,Beitris,Thredder,bthreddergr@xrea.com,Female,90.71.68.26
605,Tuck,Croome,tcroomegs@rambler.ru,Male,217.202.212.47
606,Kizzie,Bridie,kbridiegt@marriott.com,Female,57.121.47.8
607,Nessa,O'Hearn,nohearngu@tinypic.com,Female,51.99.48.153
608,Sharline,Bescoby,sbescobygv@artisteer.com,Female,7.37.141.227
609,Conrad,Highwood,chighwoodgw@cornell.edu,Male,2.24.139.199
610,Ikey,O'Growgane,iogrowganegx@jalbum.net,Male,16.137.62.101
611,Cleveland,Acklands,cacklandsgy@sciencedirect.com,Male,105.119.0.71
612,Dunn,Olivetti,dolivettigz@google.com,Male,68.130.155.191
613,Lucie,Ellicock,lellicockh0@livejournal.com,Female,60.192.90.154
614,Barrie,Diche,bdicheh1@cam.ac.uk,Female,232.234.156.138
615,Donny,Fishbourn,dfishbournh2@sciencedirect.com,Female,39.54.150.74
616,Arnold,Clutterbuck,aclutterbuckh3@simplemachines.org,Male,113.178.179.158
617,Kariotta,Casale,kcasaleh4@free.fr,Female,100.60.213.43
618,Alex,Klainman,aklainmanh5@dailymotion.com,Female,220.167.93.250
619,Dore,Laurisch,dlaurischh6@de.vu,Female,65.74.251.144
620,Pearl,Fear,pfearh7@google.cn,Female,93.25.146.66
621,Lonna,Tenney,ltenneyh8@yale.edu,Female,151.76.190.123
622,Jocko,Paulet,jpauleth9@mysql.com,Male,189.118.157.76
623,Care,McMeanma,cmcmeanmaha@un.org,Male,75.107.173.186
624,Marianne,McKinnon,mmckinnonhb@github.com,Female,174.31.136.209
625,Rhiamon,Jeram,rjeramhc@harvard.edu,Female,42.150.26.166
626,Earl,Thames,ethameshd@domainmarket.com,Male,74.39.234.118
627,Ossie,Cuddihy,ocuddihyhe@w3.org,Male,222.126.140.38
628,Jaime,Slocket,jslockethf@cam.ac.uk,Male,78.199.246.240
629,Larisa,Allbon,lallbonhg@com.com,Female,122.9.180.224
630,Drusi,MacGebenay,dmacgebenayhh@nationalgeographic.com,Female,121.54.36.90
631,Geraldine,Ewington,gewingtonhi@ibm.com,Female,102.60.18.7
632,Burlie,Leteurtre,bleteurtrehj@google.com.br,Male,214.100.251.196
633,Aleda,Fettis,afettishk@pbs.org,Female,128.125.57.236
634,Corey,De la Eglise,cdelaeglisehl@oracle.com,Male,31.202.192.34
635,Georgianna,Clash,gclashhm@japanpost.jp,Female,125.38.106.250
636,Maje,Dinnis,mdinnishn@dedecms.com,Male,127.230.11.150
637,Mattheus,Randales,mrandalesho@samsung.com,Male,37.156.161.115
638,Jae,Hadenton,jhadentonhp@bloomberg.com,Male,18.33.176.133
639,Davida,Chaffey,dchaffeyhq@eventbrite.com,Female,120.31.134.31
640,Angus,Geddis,ageddishr@4shared.com,Male,106.102.107.75
641,Jarret,Faas,jfaashs@topsy.com,Male,110.161.33.105
642,Reggie,Witheford,rwithefordht@army.mil,Male,160.152.241.148
643,Dodi,Buterton,dbutertonhu@a8.net,Female,134.254.98.70
644,Benedict,Ambrogioni,bambrogionihv@trellian.com,Male,76.92.74.212
645,Orbadiah,Schwandner,oschwandnerhw@meetup.com,Male,40.141.15.62
646,Tristan,Donwell,tdonwellhx@mail.ru,Male,87.33.217.242
647,Laraine,Witherby,lwitherbyhy@biglobe.ne.jp,Female,193.25.215.114
648,Lawton,Kinghorne,lkinghornehz@wix.com,Male,246.70.97.88
649,Harlen,Laneham,hlanehami0@msu.edu,Male,215.183.94.225
650,Rusty,Handsheart,rhandshearti1@loc.gov,Male,221.190.131.98
651,Buck,Swenson,bswensoni2@ucla.edu,Male,90.50.60.227
652,Eldredge,Minter,eminteri3@canalblog.com,Male,171.182.169.61
653,Elisha,Carp,ecarpi4@cnn.com,Male,162.206.99.179
654,Moishe,Reddin,mreddini5@gizmodo.com,Male,214.246.251.86
655,Yoshiko,Casebourne,ycasebournei6@tinyurl.com,Female,250.154.97.224
656,Electra,Restill,erestilli7@ebay.co.uk,Female,13.7.181.128
657,Mamie,Barents,mbarentsi8@opensource.org,Female,30.5.12.70
658,Jarrid,Byrd,jbyrdi9@typepad.com,Male,125.218.212.162
659,Hurlee,Morcomb,hmorcombia@apple.com,Male,33.116.86.137
660,Rafael,Behn,rbehnib@redcross.org,Male,132.153.111.28
661,Daisie,O'Moylan,domoylanic@e-recht24.de,Female,116.148.239.10
662,Lian,Semeradova,lsemeradovaid@wufoo.com,Female,222.165.129.43
663,Chen,Sinderson,csindersonie@jigsy.com,Male,116.217.193.106
664,Maude,McVrone,mmcvroneif@indiegogo.com,Female,16.119.64.123
665,Kati,La Batie,klabatieig@squidoo.com,Female,58.237.71.188
666,Bradley,Redman,bredmanih@etsy.com,Male,47.202.92.79
667,Maggy,Cawkwell,mcawkwellii@woothemes.com,Female,164.231.115.254
668,Roch,Gritten,rgrittenij@buzzfeed.com,Female,133.62.238.48
669,Renee,Lubman,rlubmanik@pagesperso-orange.fr,Female,141.112.161.244
670,Jania,Sales,jsalesil@senate.gov,Female,1.165.52.213
671,Leland,Gerb,lgerbim@admin.ch,Female,212.68.162.88
672,Cleveland,Dellenty,cdellentyin@tamu.edu,Male,112.170.133.38
673,Ezmeralda,Byram,ebyramio@about.me,Female,173.62.221.211
674,Isaiah,De Lorenzo,idelorenzoip@amazon.co.uk,Male,25.90.251.11
675,Izak,Gauden,igaudeniq@nih.gov,Male,219.13.47.227
676,Sheppard,Cleobury,scleoburyir@wired.com,Male,133.214.77.126
677,Ashien,Alps,aalpsis@naver.com,Female,94.54.153.58
678,Sam,Edsell,sedsellit@discuz.net,Male,83.124.38.136
679,Egan,Weeke,eweekeiu@bravesites.com,Male,84.59.208.72
680,Ibrahim,Biggen,ibiggeniv@chron.com,Male,63.67.72.64
681,Weider,Ladson,wladsoniw@gravatar.com,Male,59.253.106.217
682,Ardene,Peppard,apeppardix@statcounter.com,Female,102.160.76.104
683,Cary,Pendrich,cpendrichiy@globo.com,Female,183.242.29.46
684,Wren,Marcham,wmarchamiz@canalblog.com,Female,36.121.149.79
685,Julio,Balmforth,jbalmforthj0@hubpages.com,Male,217.2.106.160
686,Alyson,Ledward,aledwardj1@prweb.com,Female,146.233.250.153
687,Elvin,Lowen,elowenj2@is.gd,Male,80.111.172.130
688,Gabriella,Simkovitz,gsimkovitzj3@reuters.com,Female,99.249.164.195
689,Jamaal,Gyngell,jgyngellj4@wordpress.org,Male,126.126.161.105
690,Rriocard,Haugh,rhaughj5@washington.edu,Male,54.46.62.219
691,Ford,Waterhous,fwaterhousj6@theglobeandmail.com,Male,68.55.166.37
692,Dennison,Scawn,dscawnj7@dmoz.org,Male,204.194.1.81
693,Ive,Shegog,ishegogj8@ustream.tv,Male,217.217.79.95
694,Tallia,Spurway,tspurwayj9@disqus.com,Female,97.20.92.54
695,Nate,Cristofalo,ncristofaloja@yellowbook.com,Male,132.33.45.219
696,Karlotta,Corley,kcorleyjb@clickbank.net,Female,163.203.225.16
697,Hasheem,Beebee,hbeebeejc@wikimedia.org,Male,73.85.136.95
698,Rickie,Sevin,rsevinjd@weibo.com,Male,145.251.188.253
699,Willy,Fairlam,wfairlamje@wikipedia.org,Female,232.190.144.172
700,Rosalinde,Stelfax,rstelfaxjf@mashable.com,Female,114.238.157.231
701,Joseph,Caldeyroux,jcaldeyrouxjg@apache.org,Male,85.94.109.87
702,Roshelle,Rouch,rrouchjh@google.de,Female,77.24.43.168
703,Maggee,Laughlin,mlaughlinji@marketwatch.com,Female,215.14.21.156
704,Dolores,Coupland,dcouplandjj@symantec.com,Female,125.12.241.56
705,Adelle,Anderson,aandersonjk@gravatar.com,Female,101.243.174.21
706,Lorry,Dunkerley,ldunkerleyjl@cisco.com,Male,122.228.189.251
707,Rickie,Severn,rsevernjm@salon.com,Female,17.244.92.229
708,Armstrong,Alexsandrev,aalexsandrevjn@usda.gov,Male,20.3.113.149
709,Norman,Rugiero,nrugierojo@indiegogo.com,Male,141.177.218.18
710,Chas,Brittian,cbrittianjp@google.it,Male,37.252.168.249
711,Vivia,Formoy,vformoyjq@purevolume.com,Female,131.194.96.174
712,Gwyneth,Cantillion,gcantillionjr@soup.io,Female,76.229.179.169
713,Aron,O'Flynn,aoflynnjs@shutterfly.com,Male,226.112.215.48
714,Anna,Dauney,adauneyjt@shutterfly.com,Female,144.25.50.243
715,Zorah,McCuffie,zmccuffieju@wsj.com,Female,234.44.236.81
716,Georgianne,Lidgey,glidgeyjv@yale.edu,Female,10.49.156.41
717,Zsa zsa,Cord,zcordjw@a8.net,Female,192.89.195.191
718,Shamus,ducarme,sducarmejx@hubpages.com,Male,244.223.182.46
719,Odo,Cansfield,ocansfieldjy@weibo.com,Male,144.208.99.200
720,Jacqui,Mayne,jmaynejz@hexun.com,Female,227.171.119.15
721,Englebert,Bartaletti,ebartalettik0@amazon.com,Male,220.221.95.153
722,Teddi,Lafflin,tlafflink1@icio.us,Female,162.157.100.58
723,Leonard,Buesden,lbuesdenk2@weibo.com,Male,52.220.228.89
724,Arlinda,Robb,arobbk3@pinterest.com,Female,78.233.53.97
725,Ber,Keppy,bkeppyk4@github.com,Male,173.79.191.77
726,Loni,Schroter,lschroterk5@blogger.com,Female,64.221.97.217
727,Tymon,Danshin,tdanshink6@goo.gl,Male,148.102.235.218
728,Cele,Bransdon,cbransdonk7@utexas.edu,Female,240.199.9.79
729,Linda,Gibbe,lgibbek8@nbcnews.com,Female,140.45.66.26
730,Andonis,Killiner,akillinerk9@google.ru,Male,126.44.238.164
731,Tallulah,Southon,tsouthonka@google.com,Female,11.222.47.200
732,Cookie,Labadini,clabadinikb@i2i.jp,Female,56.41.68.112
733,Jerri,Janoch,jjanochkc@boston.com,Male,75.141.64.74
734,Francisca,Kleinholz,fkleinholzkd@geocities.jp,Female,176.226.161.170
735,Kip,Keming,kkemingke@berkeley.edu,Male,188.254.101.80
736,Conant,Shenfish,cshenfishkf@mysql.com,Male,244.206.149.13
737,Arlena,Gallico,agallicokg@usda.gov,Female,23.37.120.119
738,Lucky,Harborow,lharborowkh@moonfruit.com,Female,199.120.67.117
739,Paolina,Goter,pgoterki@columbia.edu,Female,48.48.226.181
740,Marya,Stanyon,mstanyonkj@sbwire.com,Female,142.47.137.59
741,Randa,Collihole,rcolliholekk@dot.gov,Female,34.155.32.252
742,Gerrie,Thaw,gthawkl@imageshack.us,Male,16.21.126.175
743,Julissa,Crumb,jcrumbkm@canalblog.com,Female,124.18.224.215
744,Jobi,Bettenson,jbettensonkn@va.gov,Female,111.144.210.21
745,Orren,Tonkinson,otonkinsonko@cisco.com,Male,57.97.141.59
746,Enos,Dell'Abbate,edellabbatekp@patch.com,Male,226.41.175.203
747,Heriberto,Lehrer,hlehrerkq@tinypic.com,Male,240.133.210.125
748,Lori,Vasyaev,lvasyaevkr@seattletimes.com,Female,106.65.149.238
749,Lucky,Bucke,lbuckeks@unblog.fr,Female,103.129.173.101
750,Oby,Witherup,owitherupkt@foxnews.com,Male,103.118.98.32
751,Siana,Pollendine,spollendineku@xing.com,Female,85.31.34.242
752,Muire,Partrick,mpartrickkv@nydailynews.com,Female,5.53.176.179
753,Trent,Tullot,ttullotkw@businessweek.com,Male,211.73.119.123
754,Germain,Hurll,ghurllkx@omniture.com,Female,84.178.157.97
755,Celinka,Maybey,cmaybeyky@instagram.com,Female,151.118.151.239
756,Guthrie,Soppit,gsoppitkz@ucoz.ru,Male,86.127.195.221
757,Anthony,Crabbe,acrabbel0@examiner.com,Male,114.63.225.126
758,Aymer,Bromage,abromagel1@harvard.edu,Male,128.224.61.167
759,Stormi,Jurick,sjurickl2@mapquest.com,Female,69.249.85.36
760,Waring,Sivior,wsiviorl3@gnu.org,Male,173.216.169.132
761,Marline,Facher,mfacherl4@ucoz.ru,Female,12.36.70.14
762,Adrien,Siggee,asiggeel5@gmpg.org,Male,236.137.207.175
763,Garland,Emett,gemettl6@clickbank.net,Female,158.233.201.117
764,Leeanne,Mozzi,lmozzil7@bloglines.com,Female,75.153.4.237
765,Korey,Pomphrett,kpomphrettl8@samsung.com,Male,150.184.252.245
766,Isiahi,Dionsetto,idionsettol9@ftc.gov,Male,206.74.201.11
767,Maxy,Strathdee,mstrathdeela@discovery.com,Female,119.194.184.225
768,Hanny,Raoul,hraoullb@acquirethisname.com,Female,2.222.166.111
769,Talyah,Chatelain,tchatelainlc@aol.com,Female,31.249.40.97
770,Devora,Figura,dfigurald@php.net,Female,155.1.98.148
771,Curran,Ridwood,cridwoodle@ft.com,Male,123.238.87.167
772,Damiano,Tinmouth,dtinmouthlf@icq.com,Male,86.109.198.188
773,Lock,Sweetenham,lsweetenhamlg@gnu.org,Male,93.5.146.62
774,Russell,Mulvin,rmulvinlh@telegraph.co.uk,Male,255.75.41.225
775,Arielle,Ferroni,aferronili@youtu.be,Female,238.212.192.9
776,Orin,Lorman,olormanlj@meetup.com,Male,215.144.27.49
777,Trey,Kitchaside,tkitchasidelk@blogtalkradio.com,Male,226.190.204.187
778,Alic,Kigelman,akigelmanll@w3.org,Male,109.222.59.136
779,Tammie,Bonnett,tbonnettlm@baidu.com,Female,157.123.175.187
780,Libbi,Scammonden,lscammondenln@vinaora.com,Female,219.109.227.241
781,Jamima,Wass,jwasslo@unc.edu,Female,33.15.151.97
782,Mic,Bucktharp,mbucktharplp@imageshack.us,Male,151.84.122.75
783,Bradley,Bellenger,bbellengerlq@guardian.co.uk,Male,72.91.22.199
784,Derwin,Filipponi,dfilipponilr@spiegel.de,Male,8.122.17.244
785,Sarena,Gallichan,sgallichanls@irs.gov,Female,53.68.122.52
786,Jarret,Giorgiutti,jgiorgiuttilt@blinklist.com,Male,56.1.64.116
787,Maurice,Stenton,mstentonlu@bbc.co.uk,Male,150.44.119.253
788,Carter,Stranks,cstrankslv@google.co.jp,Male,40.195.183.250
789,Kathryn,Latus,klatuslw@kickstarter.com,Female,249.205.132.231
790,Giacomo,Stienham,gstienhamlx@chron.com,Male,116.171.4.210
791,Em,Smeeton,esmeetonly@yolasite.com,Male,175.80.75.19
792,D'arcy,Kibby,dkibbylz@typepad.com,Male,212.200.198.151
793,Jarrad,Ondrak,jondrakm0@psu.edu,Male,236.251.203.20
794,Janeta,Layfield,jlayfieldm1@mediafire.com,Female,52.147.214.38
795,Helen,McGuinness,hmcguinnessm2@sfgate.com,Female,13.30.18.56
796,Georgianne,Marrable,gmarrablem3@hugedomains.com,Female,177.240.25.110
797,Bondy,Goley,bgoleym4@liveinternet.ru,Male,87.169.62.189
798,Reine,Yesson,ryessonm5@house.gov,Female,92.101.156.188
799,Shayla,Addams,saddamsm6@people.com.cn,Female,149.67.176.243
800,Gilbert,Shepeard,gshepeardm7@mapquest.com,Male,152.224.209.167
801,Mar,Poxson,mpoxsonm8@liveinternet.ru,Male,86.182.241.63
802,Baily,Dalling,bdallingm9@noaa.gov,Male,137.69.185.174
803,Shirleen,Veschambes,sveschambesma@samsung.com,Female,82.10.230.127
804,Balduin,Hardington,bhardingtonmb@1688.com,Male,125.55.79.230
805,Lory,Ramelot,lramelotmc@dagondesign.com,Female,192.206.136.14
806,Caressa,McNuff,cmcnuffmd@dagondesign.com,Female,55.158.52.227
807,Sutherland,Wildey,swildeyme@ucsd.edu,Male,202.176.141.8
808,Gus,Tilberry,gtilberrymf@weather.com,Female,113.55.250.188
809,Ibbie,Radloff,iradloffmg@statcounter.com,Female,86.230.245.159
810,Fletch,Biggadyke,fbiggadykemh@rakuten.co.jp,Male,67.185.11.17
811,Stirling,Cameli,scamelimi@amazon.co.uk,Male,193.43.134.182
812,Randie,Benzies,rbenziesmj@theguardian.com,Female,125.23.152.122
813,Bren,Lesmonde,blesmondemk@canalblog.com,Female,182.238.36.235
814,Corney,Mumm,cmummml@merriam-webster.com,Male,209.1.3.13
815,Ronnie,Marke,rmarkemm@booking.com,Male,176.44.94.16
816,Darius,Colisbe,dcolisbemn@goo.gl,Male,126.94.164.233
817,Dolf,MacRonald,dmacronaldmo@google.com.hk,Male,43.0.112.46
818,Kerwin,Hehl,khehlmp@1688.com,Male,45.203.224.141
819,Roseanne,Assender,rassendermq@chronoengine.com,Female,76.34.232.252
820,Goddard,Songust,gsongustmr@weibo.com,Male,136.176.139.134
821,Morgen,Zoane,mzoanems@ocn.ne.jp,Male,177.169.208.80
822,Elfreda,O' Mulderrig,eomulderrigmt@posterous.com,Female,0.196.73.115
823,Efrem,Twinterman,etwintermanmu@ibm.com,Male,76.100.102.157
824,Lynn,Porcher,lporchermv@pagesperso-orange.fr,Female,7.234.18.157
825,Antoine,Baldock,abaldockmw@prnewswire.com,Male,119.190.173.157
826,Rooney,Larkworthy,rlarkworthymx@foxnews.com,Male,31.174.91.14
827,Kort,O' Neligan,koneliganmy@google.de,Male,189.244.92.197
828,Spike,Sinden,ssindenmz@joomla.org,Male,221.51.225.96
829,Shaine,Letford,sletfordn0@theglobeandmail.com,Male,121.49.89.251
830,Kimberlyn,Perl,kperln1@prlog.org,Female,136.1.195.179
831,Nels,Goldes,ngoldesn2@so-net.ne.jp,Male,147.54.111.85
832,Jennee,Kellar,jkellarn3@vkontakte.ru,Female,5.115.66.241
833,Thadeus,Rassell,trasselln4@yale.edu,Male,61.162.114.169
834,Keen,Chomiszewski,kchomiszewskin5@privacy.gov.au,Male,35.217.40.203
835,Lenard,Oxherd,loxherdn6@economist.com,Male,27.183.73.223
836,Stanton,Shiels,sshielsn7@redcross.org,Male,47.26.109.218
837,Eddi,Grieve,egrieven8@sina.com.cn,Female,94.153.63.64
838,Berny,Dimock,bdimockn9@dot.gov,Female,254.220.130.10
839,Tamara,Hartin,thartinna@si.edu,Female,248.143.121.243
840,Merry,Diperaus,mdiperausnb@bluehost.com,Female,185.20.22.54
841,Hermina,Gozney,hgozneync@state.tx.us,Female,206.196.150.96
842,Arlan,Johansen,ajohansennd@wikipedia.org,Male,80.150.229.68
843,Cornelia,Smallacombe,csmallacombene@army.mil,Female,20.172.76.218
844,Arden,Hlavac,ahlavacnf@scribd.com,Female,155.211.255.12
845,Link,Brotherheed,lbrotherheedng@creativecommons.org,Male,5.88.219.164
846,Leoline,Upstell,lupstellnh@hugedomains.com,Female,67.247.245.88
847,Gerhardine,Busse,gbusseni@techcrunch.com,Female,48.134.106.1
848,Carol-jean,Wollaston,cwollastonnj@about.me,Female,224.15.240.200
849,Dyann,Shird,dshirdnk@china.com.cn,Female,195.26.234.143
850,Pris,Beart,pbeartnl@mozilla.org,Female,32.177.168.174
851,Sascha,Moro,smoronm@wix.com,Male,128.19.112.44
852,Dudley,Halshaw,dhalshawnn@yahoo.co.jp,Male,85.116.151.106
853,Jeanie,Ganiclef,jganiclefno@nytimes.com,Female,250.18.225.236
854,Abey,Heaker,aheakernp@blogs.com,Male,154.186.30.253
855,Roger,Gouge,rgougenq@homestead.com,Male,115.123.72.90
856,Mavis,Alaway,malawaynr@naver.com,Female,60.241.184.36
857,Garnette,Dickinson,gdickinsonns@sbwire.com,Female,127.117.80.251
858,Hadley,Leethem,hleethemnt@google.ru,Male,11.119.249.215
859,Sylas,Occleshaw,soccleshawnu@about.com,Male,49.136.203.121
860,Nealy,Mates,nmatesnv@chronoengine.com,Male,33.207.208.220
861,Wash,Adamov,wadamovnw@com.com,Male,99.66.62.228
862,Dela,Rowter,drowternx@archive.org,Female,168.124.110.231
863,Lilllie,Olsen,lolsenny@time.com,Female,32.138.196.146
864,Kurt,Cocozza,kcocozzanz@freewebs.com,Male,21.54.50.201
865,Peyton,Yitzovicz,pyitzoviczo0@reddit.com,Male,20.75.221.6
866,Ferguson,Illingsworth,fillingswortho1@illinois.edu,Male,245.151.230.111
867,Aindrea,Paddie,apaddieo2@godaddy.com,Female,114.136.53.93
868,Bud,Givens,bgivenso3@stanford.edu,Male,183.112.195.226
869,Amii,Pairpoint,apairpointo4@sun.com,Female,177.30.153.206
870,Yorgo,Gottelier,ygotteliero5@netlog.com,Male,19.214.14.154
871,Alistair,Chree,achreeo6@topsy.com,Male,239.69.249.152
872,Andreana,Ibbett,aibbetto7@utexas.edu,Female,132.155.165.46
873,Dottie,MacCallam,dmaccallamo8@trellian.com,Female,156.221.22.127
874,Nikolaos,Buxsy,nbuxsyo9@yolasite.com,Male,64.248.173.49
875,Candra,d'Escoffier,cdescoffieroa@imageshack.us,Female,140.108.132.223
876,Linus,Loreit,lloreitob@guardian.co.uk,Male,12.120.233.169
877,Archibald,Lapree,alapreeoc@google.de,Male,15.251.94.164
878,Barbara-anne,Hissett,bhissettod@google.it,Female,94.120.96.138
879,Alyssa,Treeby,atreebyoe@rakuten.co.jp,Female,143.0.41.170
880,Val,Falcus,vfalcusof@time.com,Male,48.228.44.9
881,Lavinie,Casbourne,lcasbourneog@ucsd.edu,Female,37.25.150.199
882,Geno,Lummis,glummisoh@tmall.com,Male,103.117.248.222
883,Olva,Quick,oquickoi@plala.or.jp,Female,247.225.205.170
884,Carlynn,Putnam,cputnamoj@woothemes.com,Female,232.26.147.168
885,Charlton,Fellgett,cfellgettok@linkedin.com,Male,129.49.223.207
886,Ashia,Danby,adanbyol@ucsd.edu,Female,109.155.200.207
887,Niel,Moorhouse,nmoorhouseom@amazon.co.jp,Male,210.187.177.183
888,Agretha,Kennion,akennionon@princeton.edu,Female,148.126.184.113
889,Shaylah,Biggerstaff,sbiggerstaffoo@blogs.com,Female,15.29.1.188
890,Gilberto,Maudling,gmaudlingop@smh.com.au,Male,233.250.119.121
891,Ginny,Cobbledick,gcobbledickoq@europa.eu,Female,222.65.28.231
892,Britt,Legister,blegisteror@reference.com,Female,23.155.188.27
893,Shep,Meekin,smeekinos@sfgate.com,Male,241.3.193.176
894,Findley,Gerrets,fgerretsot@ihg.com,Male,154.102.220.59
895,Geralda,Witherup,gwitherupou@nasa.gov,Female,75.116.5.10
896,Hussein,Road,hroadov@uiuc.edu,Male,21.82.18.101
897,Cordell,Mapples,cmapplesow@wordpress.org,Male,100.176.30.141
898,Teddie,Bandiera,tbandieraox@walmart.com,Female,97.68.56.221
899,Clarinda,Farncomb,cfarncomboy@soup.io,Female,242.36.67.118
900,Gery,Nelthorpe,gnelthorpeoz@wufoo.com,Male,143.21.161.161
901,Christina,Vaney,cvaneyp0@sfgate.com,Female,253.224.109.141
902,Amabel,Mott,amottp1@friendfeed.com,Female,56.204.244.6
903,Sukey,Donnett,sdonnettp2@alexa.com,Female,186.70.162.252
904,Alisa,Torry,atorryp3@qq.com,Female,73.176.33.54
905,Elmer,Woofinden,ewoofindenp4@blogger.com,Male,116.182.59.191
906,Celie,Janowicz,cjanowiczp5@cbslocal.com,Female,8.43.127.141
907,Orelee,Mitskevich,omitskevichp6@ning.com,Female,165.10.203.150
908,Melony,Renackowna,mrenackownap7@irs.gov,Female,125.63.172.196
909,Zita,Mawby,zmawbyp8@123-reg.co.uk,Female,230.18.145.88
910,Guglielmo,Derrick,gderrickp9@cornell.edu,Male,65.135.42.122
911,Erie,Pepall,epepallpa@tumblr.com,Male,53.30.191.50
912,Ignacius,Perrie,iperriepb@stanford.edu,Male,21.64.244.139
913,Wiatt,Peinke,wpeinkepc@lulu.com,Male,56.124.64.190
914,Stephanus,Drakeley,sdrakeleypd@marketwatch.com,Male,250.5.94.173
915,Martica,Copsey,mcopseype@ustream.tv,Female,204.154.174.248
916,Jourdain,Grinin,jgrininpf@answers.com,Male,234.234.205.104
917,Mel,Haggas,mhaggaspg@linkedin.com,Male,41.202.127.28
918,Margarette,Spittle,mspittleph@ihg.com,Female,168.138.26.114
919,Hector,Nockolds,hnockoldspi@free.fr,Male,166.212.52.135
920,Efren,Fogden,efogdenpj@webnode.com,Male,247.90.44.47
921,Brigida,Kenington,bkeningtonpk@diigo.com,Female,107.148.31.244
922,Janna,Eaglen,jeaglenpl@netvibes.com,Female,49.113.160.33
923,Herc,Garoghan,hgaroghanpm@webnode.com,Male,48.86.24.105
924,Basil,Abelwhite,babelwhitepn@drupal.org,Male,243.0.91.218
925,Wallache,Stockow,wstockowpo@example.com,Male,212.21.215.205
926,Trip,D'Aulby,tdaulbypp@joomla.org,Male,95.3.42.53
927,Sky,Newman,snewmanpq@unesco.org,Male,191.211.37.153
928,Ruthe,Regitz,rregitzpr@mail.ru,Female,161.97.194.169
929,Carly,Yacobsohn,cyacobsohnps@shop-pro.jp,Female,100.207.226.187
930,Rodger,Pien,rpienpt@twitter.com,Male,215.250.153.105
931,Andriana,Lackeye,alackeyepu@japanpost.jp,Female,84.208.96.100
932,Iona,Payler,ipaylerpv@boston.com,Female,4.36.79.55
933,Sileas,Fayre,sfayrepw@wsj.com,Female,161.152.213.7
934,Elton,Colebrook,ecolebrookpx@europa.eu,Male,244.109.133.185
935,Cozmo,McKirdy,cmckirdypy@shareasale.com,Male,49.21.251.48
936,Bent,Luebbert,bluebbertpz@issuu.com,Male,242.65.140.23
937,Callie,Houlridge,choulridgeq0@telegraph.co.uk,Female,144.237.103.109
938,Erica,de Werk,edewerkq1@gravatar.com,Female,189.20.90.7
939,Rockwell,Purse,rpurseq2@pbs.org,Male,76.131.194.160
940,Dulcinea,Shanahan,dshanahanq3@cyberchimps.com,Female,86.120.249.111
941,Raychel,Pavia,rpaviaq4@mozilla.org,Female,87.82.175.111
942,Sharity,Capewell,scapewellq5@networksolutions.com,Female,249.197.13.33
943,Carolee,Towhey,ctowheyq6@4shared.com,Female,27.216.245.202
944,Julian,Larderot,jlarderotq7@reddit.com,Male,6.131.230.65
945,Merry,Winkle,mwinkleq8@prlog.org,Male,158.252.160.217
946,Janenna,Kennan,jkennanq9@thetimes.co.uk,Female,166.209.72.32
947,Gertrude,Silby,gsilbyqa@webmd.com,Female,196.210.105.142
948,Averyl,Jenkison,ajenkisonqb@blogs.com,Female,49.226.218.44
949,Renato,O'Sheilds,rosheildsqc@mysql.com,Male,198.54.148.5
950,Gus,Falks,gfalksqd@bluehost.com,Male,188.34.71.227
951,Barth,Posner,bposnerqe@comsenz.com,Male,209.61.50.217
952,Adora,Hullins,ahullinsqf@mysql.com,Female,92.41.170.180
953,Geno,Coldridge,gcoldridgeqg@comcast.net,Male,202.118.10.180
954,Mart,Larrad,mlarradqh@themeforest.net,Male,183.57.14.171
955,Lucien,Kupke,lkupkeqi@statcounter.com,Male,81.178.59.106
956,Ginny,Duke,gdukeqj@slashdot.org,Female,160.33.110.65
957,Porty,Cliburn,pcliburnqk@economist.com,Male,134.215.249.211
958,Lorrayne,Kelberman,lkelbermanql@tumblr.com,Female,249.114.4.95
959,Benoite,Ornillos,bornillosqm@census.gov,Female,76.140.188.43
960,Jacquenette,Neylon,jneylonqn@blogspot.com,Female,174.178.126.1
961,Ester,Brecher,ebrecherqo@time.com,Female,200.176.187.21
962,Ivor,Crookshank,icrookshankqp@mayoclinic.com,Male,131.122.17.35
963,Gayelord,Tirte,gtirteqq@salon.com,Male,73.136.142.3
964,Jeromy,de Vaen,jdevaenqr@hatena.ne.jp,Male,49.68.242.87
965,Barbra,Di Maggio,bdimaggioqs@uol.com.br,Female,142.67.85.143
966,Inesita,Paton,ipatonqt@multiply.com,Female,7.173.166.213
967,Carolee,Gaine of England,cgaineofenglandqu@fda.gov,Female,215.90.164.174
968,Doria,Bellam,dbellamqv@homestead.com,Female,198.96.184.226
969,Annemarie,Isgar,aisgarqw@house.gov,Female,141.255.194.35
970,Dyann,Iohananof,diohananofqx@nyu.edu,Female,191.178.209.33
971,Marlin,Fuzzens,mfuzzensqy@ovh.net,Male,166.127.253.17
972,Marcel,Botterell,mbotterellqz@naver.com,Male,89.134.191.111
973,Noella,Baughan,nbaughanr0@ca.gov,Female,222.247.215.46
974,Bellanca,Folk,bfolkr1@jalbum.net,Female,193.159.47.17
975,Thurston,Geleman,tgelemanr2@vk.com,Male,34.251.174.91
976,Cathrin,Woodcraft,cwoodcraftr3@sitemeter.com,Female,251.7.215.94
977,Rachel,Inde,rinder4@e-recht24.de,Female,125.13.182.110
978,Cheston,Larkworthy,clarkworthyr5@freewebs.com,Male,46.17.97.108
979,Lonni,Oakenford,loakenfordr6@yahoo.com,Female,163.182.224.125
980,Elayne,Parffrey,eparffreyr7@google.com.hk,Female,56.36.35.41
981,Elwin,Sliman,eslimanr8@dion.ne.jp,Male,232.134.216.102
982,Hilarius,Brassington,hbrassingtonr9@joomla.org,Male,242.123.174.237
983,Melva,Wartonby,mwartonbyra@washington.edu,Female,128.78.51.147
984,Saleem,Monahan,smonahanrb@lulu.com,Male,184.163.134.218
985,Alix,Gosselin,agosselinrc@constantcontact.com,Female,214.180.31.24
986,Rhody,Ede,rederd@sphinn.com,Female,222.115.62.236
987,Jaclyn,MacWilliam,jmacwilliamre@godaddy.com,Female,70.121.117.230
988,Terese,Digance,tdigancerf@dedecms.com,Female,144.0.8.160
989,Mollie,Arnott,marnottrg@springer.com,Female,16.36.32.207
990,Nikola,Venour,nvenourrh@tamu.edu,Male,235.75.123.79
991,Rickie,Adamczewski,radamczewskiri@dagondesign.com,Female,201.188.70.106
992,Tracey,Abry,tabryrj@blinklist.com,Female,172.54.163.223
993,Corey,Seabert,cseabertrk@mysql.com,Female,2.48.129.22
994,Giuditta,Theodore,gtheodorerl@un.org,Female,119.55.40.220
995,Rutter,Cresar,rcresarrm@cbc.ca,Male,197.39.179.167
996,Jayme,Brill,jbrillrn@slate.com,Female,252.249.227.127
997,Crystie,Samett,csamettro@cam.ac.uk,Female,85.73.208.125
998,Ely,Malcolmson,emalcolmsonrp@bloomberg.com,Male,154.147.63.254
999,Carson,Tumini,ctuminirq@skyrock.com,Male,33.29.212.230
1000,Mickey,Tripney,mtripneyrr@mashable.com,Male,197.64.70.159
